Id,class_0,class_1
00eed32682bb,0.22933067,0.77066934
010ebe33f668,0.22933067,0.77066934
02fa521e1838,0.22933067,0.77066934
040e15f562a2,0.22933067,0.77066934
046e85c7cc7f,0.22933067,0.77066934
